1 Волков; Петр; 30.1.1982; директор; ул. Спасская 1; +79397904473
2 Васильев; Петр; 1.2.1996; водитель; ул. Тверская 40/2; +79676356011
3 Иванов; Александр; 5.8.1988; курьер; ул. Тверская 40/2; +79840598213
4 Иванов; Иван; 8.1.1971; секретарь; ул. Цветная 17; +79497409674
5 Васильев; Виктор; 5.4.1989; директор; ул. Революции 76; +79023280716
6 Иванов; Василий; 13.1.1997; курьер; ул. Цветная 17; +79006225930
7 Волков; Андрей; 25.7.1973; администратор; ул. Цветная 17; +79409458385
8 Иванов; Иван; 3.4.1980; администратор; ул. Дубравная 5; +79178413283
9 Васильев; Петр; 20.9.2002; администратор; ул. Спасская 1; +79776646868
10 Петров; Василий; 19.6.1983; курьер; ул. Цветная 17; +79199877674
11 Зайцев; Петр; 5.12.1984; директор; ул. Ленина 35; +79197447745
12 Петров; Василий; 11.2.1973; администратор; ул. Спасская 1; +79615233238
13 Иванов; Александр; 9.9.2003; курьер; ул. Цветная 17; +79973411047
14 Зайцев; Виктор; 20.4.1979; администратор; ул. Дубравная 5; +79341341419
15 Зайцев; Андрей; 1.12.1970; администратор; ул. Цветная 17; +79929177794
16 Иванов; Василий; 29.9.1992; водитель; ул. Тверская 40/2; +79731382114
17 Зайцев; Александр; 30.9.1975; курьер; ул. Тверская 40/2; +79043608955
18 Иванов; Александр; 9.9.1994; директор; ул. Тверская 40/2; +79657958871
19 Васильев; Андрей; 20.2.1996; водитель; ул. Тверская 40/2; +79078424803
20 Иванов; Иван; 10.3.2002; администратор; ул. Ленина 35; +79142174449
21 Сидоров; Иван; 6.4.1993; директор; ул. Революции 76; +79392277577
22 Зайцев; Петр; 23.2.1994; секретарь; ул. Спасская 1; +79054196996
23 Зайцев; Иван; 25.3.2001; водитель; ул. Ленина 35; +79751286287
24 Петров; Петр; 20.4.2003; оператор; ул. Спасская 1; +79185189852
25 Зайцев; Василий; 1.9.1973; курьер; ул. Революции 76; +79981176548
26 Васильев; Александр; 13.5.1993; курьер; ул. Революции 76; +79830918830
27 Васильев; Александр; 30.2.1993; директор; ул. Цветная 17; +79221762120
28 Васильев; Андрей; 30.9.1977; секретарь; ул. Ленина 35; +79782501485
29 Иванов; Петр; 28.5.1975; секретарь; ул. Спасская 1; +79379220867
30 Петров; Василий; 11.12.1974; оператор; ул. Ленина 35; +79359445351
31 Васильев; Василий; 16.7.1993; водитель; ул. Революции 76; +79298674063
32 Волков; Василий; 16.10.1976; директор; ул. Спасская 1; +79213596020
33 Васильев; Александр; 22.8.1994; оператор; ул. Революции 76; +79174812120
34 Васильев; Виктор; 16.6.2005; администратор; ул. Тверская 40/2; +79969592451
35 Зайцев; Иван; 20.1.1978; оператор; ул. Революции 76; +79054426234
36 Иванов; Андрей; 6.6.1991; секретарь; ул. Революции 76; +79116019801
37 Петров; Василий; 26.10.1993; администратор; ул. Дубравная 5; +79116209301
38 Волков; Петр; 24.3.1975; администратор; ул. Революции 76; +79678926429
39 Зайцев; Иван; 31.5.1983; секретарь; ул. Революции 76; +79417012051
40 Иванов; Виктор; 29.8.1995; оператор; ул. Спасская 1; +79164277069
41 Зайцев; Василий; 13.10.1974; секретарь; ул. Цветная 17; +79871469394
42 Иванов; Иван; 2.8.2001; оператор; ул. Спасская 1; +79912700014
43 Сидоров; Андрей; 29.10.1978; директор; ул. Революции 76; +79484610921
44 Петров; Петр; 27.3.2003; секретарь; ул. Революции 76; +79720712707
45 Васильев; Петр; 17.1.1999; секретарь; ул. Революции 76; +79397427290
46 Волков; Петр; 1.10.1970; оператор; ул. Ленина 35; +79217065358
47 Волков; Александр; 17.8.1996; оператор; ул. Дубравная 5; +79679026525
48 Зайцев; Иван; 19.11.2004; секретарь; ул. Революции 76; +79451147626
49 Сидоров; Александр; 2.6.1980; курьер; ул. Тверская 40/2; +79345774492
50 Петров; Иван; 6.9.1997; водитель; ул. Тверская 40/2; +79463744378
51 Зайцев; Андрей; 21.2.1991; курьер; ул. Спасская 1; +79298698314
52 Васильев; Александр; 19.4.1979; директор; ул. Цветная 17; +79971503042
53 Петров; Александр; 30.2.1973; курьер; ул. Тверская 40/2; +79848197135
54 Сидоров; Иван; 2.3.2004; водитель; ул. Тверская 40/2; +79944977520
55 Иванов; Виктор; 20.8.1994; водитель; ул. Ленина 35; +79003612987
56 Иванов; Андрей; 6.2.1975; оператор; ул. Тверская 40/2; +79091074725
57 Волков; Василий; 27.2.1993; оператор; ул. Спасская 1; +79858897951
58 Петров; Василий; 24.4.2000; водитель; ул. Ленина 35; +79670089204
59 Петров; Иван; 14.4.1976; директор; ул. Спасская 1; +79975729847
60 Иванов; Виктор; 27.6.1981; курьер; ул. Цветная 17; +79025648972
61 Сидоров; Александр; 18.1.1987; директор; ул. Ленина 35; +79282025045
62 Волков; Александр; 8.11.1978; директор; ул. Тверская 40/2; +79602145884
63 Петров; Александр; 10.9.1973; секретарь; ул. Тверская 40/2; +79906259865
64 Сидоров; Петр; 13.4.1999; оператор; ул. Дубравная 5; +79469161859
65 Петров; Василий; 24.10.1991; курьер; ул. Дубравная 5; +79236985957
66 Васильев; Петр; 16.3.1987; водитель; ул. Тверская 40/2; +79487634502
67 Петров; Василий; 8.4.1993; секретарь; ул. Тверская 40/2; +79470840364
68 Зайцев; Виктор; 18.4.1970; администратор; ул. Революции 76; +79907530288
69 Иванов; Петр; 28.5.1974; водитель; ул. Революции 76; +79374595582
70 Васильев; Петр; 18.8.1998; оператор; ул. Спасская 1; +79419851674
71 Сидоров; Василий; 10.5.1970; администратор; ул. Спасская 1; +79712257328
72 Васильев; Петр; 27.1.1984; секретарь; ул. Революции 76; +79547246848
73 Петров; Александр; 31.9.2002; оператор; ул. Дубравная 5; +79934122070
74 Иванов; Василий; 20.11.1996; администратор; ул. Спасская 1; +79159004834
75 Петров; Александр; 25.12.1972; оператор; ул. Революции 76; +79164746087
76 Волков; Петр; 9.10.1979; водитель; ул. Дубравная 5; +79111295477
77 Зайцев; Петр; 5.6.1988; водитель; ул. Спасская 1; +79472481598
78 Васильев; Виктор; 28.12.2005; директор; ул. Дубравная 5; +79916206397
79 Иванов; Виктор; 11.11.2000; оператор; ул. Революции 76; +79315212951
80 Иванов; Виктор; 4.4.1976; секретарь; ул. Тверская 40/2; +79266292741
81 Иванов; Александр; 10.1.1994; водитель; ул. Цветная 17; +79047367288
82 Иванов; Василий; 11.9.1971; оператор; ул. Ленина 35; +79256529908
83 Зайцев; Василий; 8.6.1987; администратор; ул. Дубравная 5; +79110358283
84 Петров; Петр; 31.11.1990; секретарь; ул. Революции 76; +79525990557
85 Петров; Василий; 23.11.1985; водитель; ул. Цветная 17; +79731649828
86 Волков; Александр; 10.12.1981; водитель; ул. Дубравная 5; +79087224775
87 Сидоров; Андрей; 31.10.1995; директор; ул. Спасская 1; +79166744954
88 Иванов; Андрей; 26.6.1976; директор; ул. Спасская 1; +79295548132
89 Зайцев; Александр; 7.3.1992; оператор; ул. Тверская 40/2; +79047305962
90 Зайцев; Андрей; 9.2.1981; секретарь; ул. Цветная 17; +79366732465
91 Иванов; Иван; 25.8.1972; водитель; ул. Революции 76; +79419023596
92 Васильев; Александр; 10.10.1991; водитель; ул. Спасская 1; +79088925437
93 Сидоров; Андрей; 21.11.1996; директор; ул. Тверская 40/2; +79998253398
94 Зайцев; Виктор; 5.11.1996; администратор; ул. Тверская 40/2; +79440349951
95 Зайцев; Александр; 27.1.1987; оператор; ул. Тверская 40/2; +79188733367
96 Волков; Василий; 8.10.1987; секретарь; ул. Ленина 35; +79751026613
97 Петров; Андрей; 24.6.1995; водитель; ул. Дубравная 5; +79748892368
98 Петров; Василий; 9.5.1994; водитель; ул. Тверская 40/2; +79616967715
99 Иванов; Андрей; 6.5.1971; курьер; ул. Тверская 40/2; +79254453762
100 Васильев; Андрей; 3.9.1981; администратор; ул. Спасская 1; +79888980714
